питон,python
питон,web
питон,язык программирования
питон,веб
питон,html
web,python
web,питон
web,язык программирования
web,веб
web,html
веб,python
веб,питон
веб,web
веб,язык программирования
веб,html
программист,it
it,ит
python,питон
python,web
python,язык программирования
python,веб
python,html
язык программирования,python
язык программирования,питон
язык программирования,web
язык программирования,веб
язык программирования,html
html,python
html,питон
html,web
html,язык программирования
html,веб
